customer_id,customer_name,gender,age,city,vehicle_owned
CUST0031,Tracy Caldwell,Female,18,Turnerstad,Toyota Avanza
CUST0195,Samuel Barber,Female,18,Wrightmouth,Honda Beat
CUST0224,Tammy Carson,Female,18,Thomasport,Honda Beat
CUST0268,Michelle Deleon,Female,18,Franciscotown,Yamaha NMAX
CUST0350,Stacy Barnett,Female,18,South William,Toyota Avanza
CUST0074,Rebecca Smith,Female,19,New Lori,Isuzu Panther
CUST0296,Kevin Harris,Female,19,South Mary,Honda Jazz
CUST0159,Michael Parker,Female,20,Hansonborough,Honda Jazz
CUST0187,Mitchell Woods,Female,20,Lake Martha,Daihatsu Xenia
CUST0205,Laura Anderson,Female,20,West Davidstad,Yamaha Fino
CUST0291,Sandra Doyle,Female,20,New Donna,Isuzu Panther
CUST0340,Jonathan Stevens,Female,20,Lauraberg,Kawasaki Ninja
CUST0360,Bruce Wolf,Female,20,Lake Richardbury,Yamaha Fino
CUST0040,Rebecca Hudson,Female,21,Byrdfort,Honda Jazz
CUST0110,Travis Howell,Female,21,South Christophertown,Honda Jazz
CUST0365,Stephanie Freeman,Female,21,West Brian,Daihatsu Xenia
CUST0384,Brandi Roach,Female,21,Mccoymouth,Kawasaki Ninja
CUST0043,Michael Johnson,Female,22,Dianafurt,Daihatsu Xenia
CUST0300,Mary Mercado,Female,22,Kimberlyland,Mitsubishi L300
CUST0371,Shannon Smith,Female,22,North Jeffrey,Honda Jazz
CUST0038,Tyler Campos,Female,23,East Dustinborough,Yamaha Fino
CUST0167,Jacob Molina,Female,23,West Brandonshire,Honda Jazz
CUST0270,Kevin Johnson DDS,Female,23,Fowlerbury,Isuzu Panther
CUST0286,Kenneth Novak,Female,23,Annettemouth,Yamaha NMAX
CUST0304,Joseph Fischer,Female,23,Hendersonburgh,Isuzu Panther
CUST0376,Dr. Michael Bailey,Female,24,Johnsonchester,Isuzu Panther
CUST0020,Andrea Odonnell,Female,25,Lake Joshuaborough,Daihatsu Xenia
CUST0120,Eric Murphy,Female,25,Michaelland,Suzuki Spin
CUST0194,Jacob Paul,Female,25,Jamesmouth,Mitsubishi L300
CUST0202,Tamara Mueller,Female,25,Andersonport,Yamaha Fino
CUST0245,Brian Beck,Female,25,Port Christopherside,Honda Jazz
CUST0254,Michael Smith,Female,25,West Terri,Toyota Avanza
CUST0324,Nicole Ramos,Female,26,Robertmouth,Suzuki Spin
CUST0377,Joshua Singh,Female,26,Hullchester,Suzuki Spin
CUST0149,Linda Garcia,Female,27,Stevensonshire,Yamaha Fino
CUST0220,Noah Phillips,Female,27,Lovechester,Mitsubishi L300
CUST0321,Benjamin Waters,Female,27,Jeffersonside,Toyota Avanza
CUST0380,Kristina Rodriguez,Female,27,South Tinafort,Honda Beat
CUST0004,Robert Stewart,Female,28,New Tonya,Isuzu Panther
CUST0163,Adam Massey,Female,28,Annafurt,Isuzu Panther
CUST0288,Deborah Thompson,Female,28,Port Kristen,Yamaha Fino
CUST0013,Alexandra Gilbert,Female,29,Stacyhaven,Suzuki Spin
CUST0276,Meagan Mullen,Female,29,Port Katiehaven,Kawasaki Ninja
CUST0084,Fernando Davis,Female,30,North Peter,Mitsubishi L300
CUST0096,Phillip Martin,Female,30,East Patrickland,Toyota Avanza
CUST0132,Justin Kirk,Female,30,Walkerport,Honda Jazz
CUST0139,Anthony Lynch,Female,30,Port Louis,Yamaha NMAX
CUST0184,Tara Bates,Female,30,West Michael,Daihatsu Xenia
CUST0258,Dr. John Perez,Female,30,Weberfurt,Mitsubishi L300
CUST0263,Julia Lindsey,Female,30,Davischester,Honda Beat
CUST0269,April Burgess,Female,30,Sanchezberg,Isuzu Panther
CUST0271,Danielle Keith,Female,30,East Melissaberg,Suzuki Spin
CUST0082,Christopher Smith,Female,31,Barbaramouth,Mitsubishi L300
CUST0092,Amanda Evans,Female,31,Snyderberg,Mitsubishi L300
CUST0098,Evelyn Estrada,Female,31,Port Jennifer,Mitsubishi L300
CUST0099,Daniel Montgomery,Female,31,East Alexis,Honda Beat
CUST0337,Christian Shepherd,Female,31,South Todd,Kawasaki Ninja
CUST0346,Joseph Wilkinson,Female,31,Shieldston,Kawasaki Ninja
CUST0129,Rachel Mercer,Female,32,Nguyenstad,Honda Jazz
CUST0152,Brian Ryan,Female,32,New Thomasstad,Suzuki Spin
CUST0174,Lisa Morales MD,Female,32,Curtisberg,Toyota Avanza
CUST0364,Cory Green,Female,32,West Rebekahchester,Kawasaki Ninja
CUST0009,Chelsea Mueller,Female,33,West Juliemouth,Mitsubishi L300
CUST0261,Gina Coffey,Female,33,New Madelineside,Isuzu Panther
CUST0282,Dawn Buck,Female,33,Woodside,Suzuki Spin
CUST0372,Tiffany Dawson,Female,33,Amyport,Yamaha NMAX
CUST0073,Alexander Brady,Female,34,South Pamelaborough,Daihatsu Xenia
CUST0102,Ariel Reeves,Female,34,East Cory,Yamaha Fino
CUST0211,Sharon Fletcher,Female,34,North Charles,Honda Jazz
CUST0322,Brett Aguirre,Female,34,East Joe,Isuzu Panther
CUST0388,Ronnie Cruz,Female,34,South Robert,Suzuki Spin
CUST0039,Andrew Jones Jr.,Female,35,Robertberg,Isuzu Panther
CUST0255,Dr. Alyssa Collier DDS,Female,35,Greenfort,Kawasaki Ninja
CUST0006,Matthew Long,Female,36,Nicoleburgh,Yamaha Fino
CUST0059,Veronica Smith,Female,36,Frederickfurt,Daihatsu Xenia
CUST0109,David Parsons,Female,36,North Ginaview,Suzuki Spin
CUST0210,David Maxwell,Female,36,Port Jasontown,Yamaha NMAX
CUST0247,Jacqueline Allen,Female,36,Danielsfurt,Toyota Avanza
CUST0315,Christopher Porter,Female,36,New Walterfort,Honda Beat
CUST0363,Glenn Jefferson,Female,36,Dunntown,Honda Beat
CUST0054,Jordan Williamson,Female,37,Natashamouth,Honda Jazz
CUST0215,Ann Deleon,Female,37,Terryville,Yamaha Fino
CUST0278,Tanner Saunders,Female,37,East Tyrone,Honda Jazz
CUST0316,Jordan Lewis,Female,37,Port Heather,Honda Beat
CUST0336,Andrew James,Female,37,New Christopher,Toyota Avanza
CUST0387,Sharon Kim,Female,37,Baileymouth,Honda Jazz
CUST0026,Steven Garcia,Female,38,East Aaronburgh,Kawasaki Ninja
CUST0101,Philip Robinson,Female,38,Williamport,Kawasaki Ninja
CUST0131,Sandy Nichols,Female,38,Juliemouth,Yamaha Fino
CUST0219,Donna Hardy,Female,38,Kellerberg,Honda Jazz
CUST0242,Jason Brown,Female,38,Port Martha,Isuzu Panther
CUST0015,Scott Aguilar,Female,39,Joseville,Honda Beat
CUST0034,Robert Adkins,Female,39,Lake Denise,Daihatsu Xenia
CUST0147,Michele Merritt,Female,39,New Derrickfurt,Honda Jazz
CUST0158,Jordan Sutton,Female,39,Lake Joanne,Honda Beat
CUST0266,Angela Daniels,Female,39,East Manuelport,Mitsubishi L300
CUST0019,Mr. Marcus Rice,Female,40,Yolandaberg,Honda Jazz
CUST0048,Brian Hines,Female,40,Cameronmouth,Daihatsu Xenia
CUST0104,Mr. Daniel Ford,Female,40,Roseside,Suzuki Spin
CUST0136,Elizabeth Wang,Female,40,Reedhaven,Suzuki Spin
CUST0180,Brent Morrison,Female,40,Zacharychester,Yamaha NMAX
CUST0287,Amy Krueger,Female,40,South Jennifer,Isuzu Panther
CUST0359,Joseph Mcdonald,Female,40,Martinborough,Suzuki Spin
CUST0112,Jeremiah Wilson,Female,41,Port Frederick,Daihatsu Xenia
CUST0349,Donald Coleman MD,Female,41,North Dalton,Yamaha Fino
CUST0133,Julie Lawson,Female,42,North Trevorport,Suzuki Spin
CUST0162,Robin Jenkins,Female,42,New Johnport,Yamaha Fino
CUST0166,Kevin Travis,Female,42,North Tylerville,Mitsubishi L300
CUST0238,Robert Anderson,Female,42,South Jason,Yamaha NMAX
CUST0339,Denise Kelley,Female,42,East Tammystad,Toyota Avanza
CUST0395,Shannon Holmes,Female,42,Thompsonbury,Honda Beat
CUST0399,Dr. Robert Swanson,Female,42,Petersfort,Kawasaki Ninja
CUST0095,Whitney Moore,Female,43,Watsonmouth,Mitsubishi L300
CUST0105,Veronica Robertson,Female,43,West Briantown,Honda Beat
CUST0113,Joseph Baxter,Female,43,Jordanberg,Isuzu Panther
CUST0137,Bob Berg,Female,43,Jonathanview,Isuzu Panther
CUST0298,Jacob Murphy,Female,43,Teresaville,Honda Jazz
CUST0348,Casey Robinson,Female,43,Emilystad,Toyota Avanza
CUST0062,Jessica Bryant,Female,44,New Jessica,Honda Beat
CUST0094,Denise Walters,Female,44,North Stephanie,Toyota Avanza
CUST0134,Danielle King,Female,44,Hansenland,Mitsubishi L300
CUST0181,Aaron Phillips,Female,44,East Karen,Yamaha NMAX
CUST0256,Joel Morales,Female,44,South Douglastown,Honda Beat
CUST0335,Anne Sullivan,Female,44,Port Anthony,Yamaha Fino
CUST0128,April Mcbride,Female,45,Williamsmouth,Honda Beat
CUST0168,Jessica Gilbert,Female,46,Kennedyville,Mitsubishi L300
CUST0037,Brandon Mendez,Female,47,West Eric,Isuzu Panther
CUST0208,Mrs. Diana West,Female,47,Travisburgh,Isuzu Panther
CUST0272,Megan Pitts,Female,47,Cookshire,Yamaha Fino
CUST0273,Michael Davis,Female,47,Shanechester,Suzuki Spin
CUST0072,Karen Baldwin,Female,48,New Stephenfort,Yamaha Fino
CUST0251,Matthew Moses,Female,48,Mejiachester,Kawasaki Ninja
CUST0334,Ronald Park DVM,Female,48,Bradleyton,Yamaha NMAX
CUST0028,Amanda Edwards,Female,49,Brownborough,Mitsubishi L300
CUST0042,Michael Burnett,Female,49,Bradleyberg,Honda Beat
CUST0284,Vincent Lam,Female,49,Stevensberg,Isuzu Panther
CUST0327,Megan Hall,Female,49,Gibsonburgh,Honda Beat
CUST0126,Holly Rose,Female,50,New Michael,Kawasaki Ninja
CUST0331,Geoffrey Schmidt,Female,50,Rayview,Yamaha Fino
CUST0383,Andrew Baker,Female,50,Priceport,Yamaha Fino
CUST0025,Justin Brady,Female,51,Foleyshire,Mitsubishi L300
CUST0123,Bryan Shaffer,Female,51,East Rickey,Isuzu Panther
CUST0320,Jeffrey Hughes,Female,51,Patrickview,Honda Beat
CUST0035,Mr. Tristan Miller MD,Female,52,West Jennifer,Toyota Avanza
CUST0151,Joe Harvey,Female,52,West Richard,Yamaha Fino
CUST0155,Michelle Burnett,Female,52,East Kevin,Mitsubishi L300
CUST0311,Desiree Wilson,Female,52,Port Andrea,Mitsubishi L300
CUST0323,Brittany Greene,Female,52,Davidmouth,Honda Beat
CUST0341,Daniel Williams,Female,52,Victormouth,Honda Beat
CUST0361,Casey Hawkins,Female,52,West Karen,Daihatsu Xenia
CUST0003,Yolanda Frank,Female,53,South Jacobhaven,Honda Jazz
CUST0328,Jeffrey Ward,Female,53,New Samanthabury,Yamaha NMAX
CUST0089,Shelly Garcia,Female,54,Rodriguezborough,Toyota Avanza
CUST0146,Krystal Gray,Female,54,Sharonchester,Honda Beat
CUST0191,Michael Grant,Female,54,New Michelle,Kawasaki Ninja
CUST0285,Tamara Ramsey,Female,54,Jacksonburgh,Honda Jazz
CUST0353,Kenneth Chen,Female,54,West Briannaview,Honda Jazz
CUST0103,Lisa Pitts MD,Female,55,Lake Lisahaven,Suzuki Spin
CUST0021,Jessica Butler,Female,56,Raymondland,Yamaha NMAX
CUST0056,Rachel Shaffer,Female,56,Jackchester,Isuzu Panther
CUST0070,Sophia Owens,Female,56,Michaelville,Mitsubishi L300
CUST0090,Lori Miller,Female,56,Shawnton,Mitsubishi L300
CUST0130,Amy Chambers,Female,56,Meadowsmouth,Isuzu Panther
CUST0326,Amy Powell,Female,56,South Sarahfurt,Honda Jazz
CUST0108,Melissa Baker,Female,57,Port James,Yamaha NMAX
CUST0114,Mrs. Rose Weeks DVM,Female,57,Lesliefort,Suzuki Spin
CUST0115,Lisa Lucas,Female,57,Burgessbury,Suzuki Spin
CUST0246,Anthony Travis,Female,57,Joeltown,Daihatsu Xenia
CUST0022,Eric Griffin,Female,58,Port Tonyside,Honda Jazz
CUST0231,Dylan Heath,Female,58,Brianchester,Suzuki Spin
CUST0232,Dominic Smith,Female,58,Scottchester,Yamaha NMAX
CUST0338,Gina Hampton,Female,58,Lake Aliciaborough,Yamaha Fino
CUST0086,Michelle Jackson,Female,59,Armstrongside,Mitsubishi L300
CUST0201,Megan Jones,Female,59,Melvinstad,Mitsubishi L300
CUST0209,Joshua Hughes,Female,59,East James,Yamaha Fino
CUST0386,Peter Bailey,Female,59,North Lisa,Yamaha NMAX
CUST0068,Nicholas Roberts,Female,60,North Brianna,Yamaha Fino
CUST0306,Michael Long,Female,60,Perezton,Isuzu Panther
CUST0344,Sophia Morales,Female,60,Port Kathleenton,Mitsubishi L300
CUST0065,Thomas Hunter,Female,61,West Raymondmouth,Honda Jazz
CUST0063,Alexandra Moss,Female,62,North Matthew,Yamaha NMAX
CUST0199,Bobby Bryant,Female,62,Aguilarbury,Yamaha Fino
CUST0217,Cheryl Weiss,Female,62,Mortonchester,Yamaha Fino
CUST0307,Renee Leonard,Female,62,Torresborough,Honda Beat
CUST0325,Gina Escobar,Female,62,Joeton,Isuzu Panther
CUST0057,Caitlin Robinson,Female,63,North Adam,Honda Jazz
CUST0214,William House,Female,63,Hansonfort,Yamaha Fino
CUST0233,Thomas Tanner,Female,63,Lake Brookechester,Toyota Avanza
CUST0018,Alyssa Moran,Female,64,East Janiceborough,Toyota Avanza
CUST0030,Roy Johnson,Female,64,Smithberg,Honda Jazz
CUST0116,Russell Hamilton,Female,64,South Wesleytown,Toyota Avanza
CUST0135,Jeffrey Bowman,Female,64,Barbarafurt,Honda Jazz
CUST0319,Nicole Roberts,Female,64,Lake Sarah,Kawasaki Ninja
CUST0041,Stephen Solis,Female,65,New Kelly,Honda Beat
CUST0064,Jennifer Mcdonald,Female,65,Jennifershire,Kawasaki Ninja
CUST0100,Jennifer Sanders,Female,65,Millerhaven,Suzuki Spin
CUST0127,Erika Reed,Female,65,Tapiaside,Yamaha NMAX
CUST0207,Sally Price,Female,65,Veronicaview,Kawasaki Ninja
CUST0228,Rick Lewis,Female,65,New Timothy,Honda Jazz
CUST0244,Carol Clark,Female,65,Bryanburgh,Suzuki Spin
CUST0264,Ian Porter,Female,65,Masseytown,Honda Jazz
CUST0330,Yesenia Burgess,Female,65,Mannhaven,Toyota Avanza
CUST0333,Michael Long,Female,65,Port Andrea,Toyota Avanza
CUST0358,Michael Smith,Female,65,South Victor,Kawasaki Ninja
CUST0392,Brian Gonzalez,Female,65,Port Robertchester,Honda Beat
CUST0008,Samantha Henderson,Male,18,Catherinefurt,Yamaha Fino
CUST0010,Brittany Chen MD,Male,18,Lake Angelafort,Yamaha Fino
CUST0050,Abigail Nguyen,Male,18,New Bryan,Honda Jazz
CUST0060,Rachel Lowe,Male,18,Port Troy,Toyota Avanza
CUST0243,Brian Williams,Male,18,Mitchellstad,Isuzu Panther
CUST0345,Joyce Hoover,Male,18,Davidfort,Mitsubishi L300
CUST0016,Andrew Reid,Male,19,Jonesport,Yamaha Fino
CUST0024,Lisa Preston,Male,19,Diazhaven,Toyota Avanza
CUST0046,Amanda Jones,Male,20,South Jo,Honda Beat
CUST0093,Jeremy Downs,Male,20,Cynthiachester,Yamaha Fino
CUST0111,Maria Wells,Male,20,Lindseymouth,Isuzu Panther
CUST0204,Michael Francis,Male,20,Silvahaven,Kawasaki Ninja
CUST0212,Susan Mueller,Male,20,South Brian,Yamaha NMAX
CUST0225,Crystal Oconnor,Male,20,Riveraborough,Honda Beat
CUST0143,Kenneth Johnston,Male,21,Stuartview,Honda Jazz
CUST0347,James Berg,Male,21,Martinfort,Yamaha NMAX
CUST0354,Mrs. Leah Griffin DDS,Male,21,Fernandezside,Yamaha NMAX
CUST0161,Heather Sanchez,Male,22,Christopherview,Honda Beat
CUST0177,Benjamin Rivera,Male,22,South Tinachester,Isuzu Panther
CUST0366,Wanda Baker,Male,22,North Michael,Honda Beat
CUST0014,Jeffrey Mack,Male,23,Elizabethfurt,Mitsubishi L300
CUST0248,Dawn Jackson,Male,23,South Allen,Honda Beat
CUST0079,Matthew Wilcox,Male,24,North Dustinmouth,Kawasaki Ninja
CUST0173,Samantha Moore,Male,24,Allentown,Honda Beat
CUST0222,Daniel Tucker,Male,24,Javierfurt,Daihatsu Xenia
CUST0279,Michael Mcconnell,Male,24,Williamside,Isuzu Panther
CUST0356,John Briggs,Male,24,New Benjamin,Suzuki Spin
CUST0373,Brittany Poole,Male,24,Nicoleport,Toyota Avanza
CUST0396,Nicholas Castillo,Male,24,Emilyfort,Kawasaki Ninja
CUST0398,Robert Pineda,Male,24,Mcintoshville,Yamaha NMAX
CUST0058,Michael Spence,Male,25,Wandashire,Honda Beat
CUST0081,Julie Patterson,Male,25,Nicholsonmouth,Yamaha NMAX
CUST0140,Keith Lewis,Male,25,New Edgarshire,Yamaha NMAX
CUST0153,Curtis Ortiz,Male,25,Williamsbury,Kawasaki Ninja
CUST0190,Paula Monroe,Male,25,Port Allison,Suzuki Spin
CUST0230,Jessica Tucker,Male,25,Lake Dan,Mitsubishi L300
CUST0262,Karen Moore,Male,25,Port Loriview,Isuzu Panther
CUST0381,Barbara Wheeler,Male,25,Lake Matthew,Mitsubishi L300
CUST0017,Paul Sutton,Male,26,Cathymouth,Yamaha Fino
CUST0036,Matthew Faulkner,Male,26,North Shannon,Honda Beat
CUST0075,Sandra Martin,Male,26,West Donna,Daihatsu Xenia
CUST0119,Sarah Mann,Male,26,West Davidland,Toyota Avanza
CUST0142,Thomas Johnson,Male,26,Clarkborough,Suzuki Spin
CUST0198,Richard Fletcher,Male,26,West Danielshire,Yamaha Fino
CUST0297,Mary Tate,Male,26,South Kathleen,Isuzu Panther
CUST0301,Angela Quinn,Male,26,North Andrew,Yamaha NMAX
CUST0087,Karen Martinez,Male,27,Lisatown,Isuzu Panther
CUST0121,Laura Salinas,Male,27,Port Tristan,Daihatsu Xenia
CUST0160,Grant Johnson,Male,27,Stewartport,Suzuki Spin
CUST0002,David Osborn,Male,28,Barretttown,Honda Jazz
CUST0165,Emily Anthony,Male,28,Reedton,Yamaha Fino
CUST0179,Rebecca Watson,Male,28,Donaldshire,Toyota Avanza
CUST0308,Ronald Reyes,Male,28,New Stacy,Yamaha Fino
CUST0385,Erika Grant,Male,28,North Abigail,Isuzu Panther
CUST0027,Helen Ferguson,Male,29,Franciscoland,Isuzu Panther
CUST0186,Linda Nelson,Male,29,Patrickburgh,Mitsubishi L300
CUST0189,Helen Shaw,Male,29,New Michaeltown,Daihatsu Xenia
CUST0318,Alan Jordan,Male,29,West Jeffrey,Kawasaki Ninja
CUST0007,Richard Lewis,Male,30,Ianmouth,Mitsubishi L300
CUST0012,Todd Mcclain,Male,30,East Rachel,Yamaha Fino
CUST0067,Patrick Mendoza,Male,30,Port Gregoryshire,Yamaha Fino
CUST0154,Virginia Hall,Male,30,Port Aaronton,Mitsubishi L300
CUST0172,Tony Cline,Male,30,Lake Kimberlyton,Suzuki Spin
CUST0206,Debra Ritter,Male,30,North Sarahfort,Isuzu Panther
CUST0281,Heather Harris,Male,30,Port Elizabethside,Honda Beat
CUST0312,Curtis Taylor,Male,30,East Maxmouth,Toyota Avanza
CUST0077,Eric Adams,Male,31,West Kevin,Kawasaki Ninja
CUST0292,Allen Patterson,Male,31,Davisstad,Honda Jazz
CUST0299,Philip Dennis,Male,31,Port Robin,Honda Beat
CUST0023,Donald Estrada,Male,32,Owensborough,Daihatsu Xenia
CUST0080,George Nguyen,Male,32,Harperburgh,Daihatsu Xenia
CUST0141,Scott Brady,Male,32,West Josephside,Toyota Avanza
CUST0197,Roger Solomon,Male,32,Lake Charlesfort,Honda Beat
CUST0253,Michael Moore,Male,32,Morrowfort,Isuzu Panther
CUST0375,Nicholas Pope,Male,32,South Laura,Kawasaki Ninja
CUST0052,Sara Parker,Male,33,Campbellfurt,Suzuki Spin
CUST0249,James Cooper,Male,33,Port Troy,Yamaha NMAX
CUST0045,Nathan Keith,Male,34,South Dwayne,Honda Jazz
CUST0138,Rebecca Carter,Male,34,Johnsonstad,Toyota Avanza
CUST0185,Vickie Williams,Male,34,East Cory,Mitsubishi L300
CUST0200,Margaret Wilson,Male,34,Port Christopherville,Yamaha NMAX
CUST0332,Nichole Sullivan,Male,34,South Richardstad,Yamaha Fino
CUST0265,April Kerr DVM,Male,35,South Wyatt,Suzuki Spin
CUST0303,Victor Richardson,Male,35,South Brandibury,Yamaha Fino
CUST0342,Glen Bryan,Male,35,West Seth,Honda Jazz
CUST0367,Todd Freeman,Male,35,South Angela,Honda Jazz
CUST0391,Andrew Floyd,Male,35,Port Melissaton,Toyota Avanza
CUST0400,Amber Brown,Male,35,West Zacharyfurt,Mitsubishi L300
CUST0001,Logan Johnson,Male,36,Pittsshire,Yamaha Fino
CUST0394,John Avila,Male,36,Phillipsmouth,Mitsubishi L300
CUST0029,Jerry Wagner MD,Male,38,Lake Allisontown,Yamaha Fino
CUST0085,Diane Caldwell,Male,38,Flemingshire,Honda Jazz
CUST0227,Derek Jennings,Male,38,Hillville,Yamaha Fino
CUST0235,Lauren Williams,Male,38,East Williamborough,Honda Beat
CUST0274,Christopher Davis,Male,38,New Sonya,Yamaha NMAX
CUST0329,Alison Gilbert,Male,38,Jackiefurt,Yamaha NMAX
CUST0091,Ashley Baker,Male,40,Markview,Honda Jazz
CUST0295,Kathleen Bond,Male,40,Tracyshire,Yamaha Fino
CUST0317,Donna Ferguson,Male,40,Louiston,Mitsubishi L300
CUST0216,Steven Marshall,Male,41,South Rebekah,Mitsubishi L300
CUST0234,Shannon Nixon,Male,41,Dixonside,Yamaha Fino
CUST0275,Gregory Russell,Male,41,Lake Shane,Suzuki Spin
CUST0352,Ryan White,Male,41,Coopershire,Yamaha NMAX
CUST0382,Michelle Mcdaniel,Male,41,Port James,Yamaha Fino
CUST0390,Jeremy Leonard,Male,41,South Michael,Honda Beat
CUST0044,Haley Hernandez,Male,42,East Robinborough,Yamaha NMAX
CUST0148,Jennifer Herrera,Male,42,Kellymouth,Suzuki Spin
CUST0124,James Wood,Male,43,Brianton,Daihatsu Xenia
CUST0188,Michael Collins,Male,43,Doylehaven,Suzuki Spin
CUST0218,Kathryn Hart,Male,43,New John,Kawasaki Ninja
CUST0277,Larry Adams,Male,43,Johnberg,Honda Beat
CUST0145,Megan Cruz DVM,Male,44,North Cynthia,Daihatsu Xenia
CUST0157,John Stewart,Male,44,Lake Juanstad,Yamaha Fino
CUST0171,Paul Garcia,Male,44,South Angelaview,Suzuki Spin
CUST0203,Ronald Hopkins,Male,44,West Brandon,Honda Jazz
CUST0241,Corey Lynch,Male,44,Nicolechester,Yamaha Fino
CUST0379,Trevor Martin,Male,44,Barneston,Mitsubishi L300
CUST0196,Mary Obrien,Male,45,North Jason,Suzuki Spin
CUST0156,Michelle Lewis,Male,47,Robertsonhaven,Suzuki Spin
CUST0164,Jon Winters,Male,47,Port Michael,Suzuki Spin
CUST0213,Jennifer Thomas,Male,47,Maryberg,Isuzu Panther
CUST0305,Nicholas Harris,Male,47,East Austin,Isuzu Panther
CUST0309,Katie Buck,Male,47,Mendozaton,Kawasaki Ninja
CUST0368,James Rose,Male,47,South Christopher,Toyota Avanza
CUST0310,Michael Reid,Male,48,Danielleburgh,Toyota Avanza
CUST0369,Robert Obrien,Male,48,Martinborough,Mitsubishi L300
CUST0374,Mary Monroe,Male,48,Jasonstad,Suzuki Spin
CUST0011,Joshua Mathews PhD,Male,49,Loganville,Honda Jazz
CUST0032,Douglas Lloyd,Male,49,Smithstad,Toyota Avanza
CUST0033,Amber Young,Male,49,South Destiny,Isuzu Panther
CUST0055,Danny Woods,Male,49,New Jenna,Honda Jazz
CUST0223,Christine Anderson,Male,49,New Alexborough,Toyota Avanza
CUST0355,Glen Brown,Male,49,Vincenthaven,Honda Beat
CUST0047,Robert Church,Male,50,North William,Kawasaki Ninja
CUST0078,Ryan Garner,Male,50,Brownburgh,Suzuki Spin
CUST0252,Todd Miller,Male,50,Port Michaelport,Mitsubishi L300
CUST0283,Stephanie Hernandez,Male,50,Nicholasbury,Mitsubishi L300
CUST0117,Alicia Williams,Male,51,Wiseville,Daihatsu Xenia
CUST0192,Kathleen Sanford,Male,51,Whitemouth,Honda Jazz
CUST0193,Alexis Craig,Male,51,West Amandaport,Suzuki Spin
CUST0259,Andrew Baker,Male,51,Melanietown,Yamaha NMAX
CUST0260,Angela Monroe,Male,51,Lake Matthew,Kawasaki Ninja
CUST0393,Donna Smith,Male,51,North Jillburgh,Mitsubishi L300
CUST0069,Christopher Wagner,Male,52,Davidside,Yamaha Fino
CUST0178,Annette Villa,Male,52,South Gabrielton,Toyota Avanza
CUST0182,Angela Strickland,Male,52,Aliciaborough,Toyota Avanza
CUST0053,Thomas Huang,Male,53,Davidmouth,Isuzu Panther
CUST0071,Angela Gay,Male,53,Riverabury,Daihatsu Xenia
CUST0097,Joshua Brown,Male,53,Coxshire,Honda Beat
CUST0237,Robin Barnett,Male,53,New James,Honda Beat
CUST0290,Amy Torres,Male,53,Hallton,Mitsubishi L300
CUST0061,Brooke Williams,Male,54,Harmonshire,Suzuki Spin
CUST0302,Melissa Reyes,Male,54,Melissamouth,Yamaha NMAX
CUST0221,John Mccullough,Male,55,New Maryton,Yamaha NMAX
CUST0236,Bryan Perez,Male,55,West Tinashire,Toyota Avanza
CUST0370,James Munoz,Male,55,North Christy,Isuzu Panther
CUST0118,Tammy Patterson,Male,56,Alexberg,Suzuki Spin
CUST0267,John Moon,Male,56,Figueroamouth,Yamaha NMAX
CUST0314,Andrew George,Male,56,Port Brenda,Suzuki Spin
CUST0183,Christopher Hernandez,Male,57,Juanstad,Toyota Avanza
CUST0257,Donna Wells,Male,58,Lisachester,Yamaha Fino
CUST0293,Shane Park,Male,58,West Melissa,Yamaha NMAX
CUST0294,Lindsay Jones,Male,58,North Joseph,Isuzu Panther
CUST0357,Ashley Dickson,Male,58,Jenningstown,Honda Jazz
CUST0362,Daniel Watson,Male,58,Burtonborough,Honda Beat
CUST0389,Daniel Martinez,Male,58,Fowlerhaven,Suzuki Spin
CUST0122,Yesenia Carter,Male,59,Robertfurt,Suzuki Spin
CUST0176,Patricia Roach,Male,59,Lake Anitaton,Yamaha NMAX
CUST0005,Linda Flowers,Male,60,Kellyton,Toyota Avanza
CUST0049,Jennifer Gross,Male,60,Smithchester,Daihatsu Xenia
CUST0226,Jill Collins,Male,60,Lake Williambury,Yamaha Fino
CUST0239,Barbara Horton,Male,60,Robertstad,Toyota Avanza
CUST0289,Jacob Harris,Male,60,Lake Kevinport,Kawasaki Ninja
CUST0378,Angelica Haynes,Male,60,Chamberston,Mitsubishi L300
CUST0107,Nancy Edwards,Male,61,East Dennismouth,Mitsubishi L300
CUST0150,Bobby Campos,Male,61,North Meganborough,Kawasaki Ninja
CUST0169,Troy Phillips,Male,61,New Philipville,Suzuki Spin
CUST0175,Brenda Anderson,Male,61,Chapmanland,Suzuki Spin
CUST0351,Austin Bonilla,Male,61,New Debbie,Yamaha Fino
CUST0397,Michael Baker,Male,61,Cervantesshire,Yamaha NMAX
CUST0066,Mathew Townsend,Male,62,Carterville,Suzuki Spin
CUST0106,Brian Benton,Male,62,Josephburgh,Toyota Avanza
CUST0170,Alexis King,Male,62,Smithview,Isuzu Panther
CUST0280,Michael Harrison,Male,62,Lake Markmouth,Kawasaki Ninja
CUST0083,Jessica Mitchell,Male,63,Danielport,Kawasaki Ninja
CUST0343,Samantha Bates,Male,63,Shawntown,Mitsubishi L300
CUST0051,Justin Rivas,Male,64,Lake Andrew,Honda Beat
CUST0076,Anthony Jones,Male,64,Rhondastad,Kawasaki Ninja
CUST0125,Michelle Sandoval,Male,64,Justinberg,Isuzu Panther
CUST0240,Justin Tanner,Male,64,Meaganville,Suzuki Spin
CUST0250,Dana Williams,Male,64,Darrellfurt,Kawasaki Ninja
CUST0313,Ashley Lawson,Male,64,Bradleyport,Isuzu Panther
CUST0088,James Jones,Male,65,Luisview,Isuzu Panther
CUST0144,Elizabeth Thompson,Male,65,West Williamtown,Yamaha Fino
CUST0229,Teresa Ross,Male,65,West David,Honda Jazz
